{
  "items": [
      {
            "owner": {
                    "reputation": 51176,
                    "user_id": 1695960,
                    "user_type": "registered",
                    "profile_image": "https://www.gravatar.com/avatar/7f9f557c03db19232aa410540af2f966?s=128&d=identicon&r=PG",
                    "display_name": "Robert Crovella",
                    "link": "http://stackoverflow.com/users/1695960/robert-crovella"
                  },
            "is_accepted": false,
            "score": 2,
            "last_activity_date": 1437185169,
            "last_edit_date": 1437185169,
            "creation_date": 1436807454,
            "answer_id": 31389434,
            "question_id": 31387858
          },
      {
            "owner": {
                    "reputation": 106,
                    "user_id": 3065652,
                    "user_type": "registered",
                    "accept_rate": 50,
                    "profile_image": "https://www.gravatar.com/avatar/0b1e326bd6eb4decfad5266675ec3022?s=128&d=identicon&r=PG&f=1",
                    "display_name": "rickydj",
                    "link": "http://stackoverflow.com/users/3065652/rickydj"
                  },
            "is_accepted": false,
            "score": 2,
            "last_activity_date": 1437185048,
            "last_edit_date": 1437185048,
            "creation_date": 1436754818,
            "answer_id": 31374686,
            "question_id": 31372993
          },
      {
            "owner": {
                    "reputation": 156,
                    "user_id": 3946177,
                    "user_type": "registered",
                    "profile_image": "https://www.gravatar.com/avatar/80c3f96bb66a34e26dfaad9417de1942?s=128&d=identicon&r=PG&f=1",
                    "display_name": "Stiliyan",
                    "link": "http://stackoverflow.com/users/3946177/stiliyan"
                  },
            "is_accepted": false,
            "score": 1,
            "last_activity_date": 1437184674,
            "last_edit_date": 1437184674,
            "creation_date": 1436933129,
            "answer_id": 31421304,
            "question_id": 31419124
          },
      {
            "owner": {
                    "reputation": 555,
                    "user_id": 1741244,
                    "user_type": "registered",
                    "profile_image": "http://i.stack.imgur.com/JDclQ.jpg?s=128&g=1",
                    "display_name": "dnapierata",
                    "link": "http://stackoverflow.com/users/1741244/dnapierata"
                  },
            "is_accepted": true,
            "score": 4,
            "last_activity_date": 1437182880,
            "last_edit_date": 1437182880,
            "creation_date": 1436416269,
            "answer_id": 31308172,
            "question_id": 31308138
          },
      {
            "owner": {
                    "reputation": 1436,
                    "user_id": 736910,
                    "user_type": "registered",
                    "accept_rate": 86,
                    "profile_image": "https://www.gravatar.com/avatar/6ab2fc0ca68903f2696a4c96f1c94dd0?s=128&d=identicon&r=PG",
                    "display_name": "jnbdz",
                    "link": "http://stackoverflow.com/users/736910/jnbdz"
                  },
            "is_accepted": false,
            "score": 0,
            "last_activity_date": 1437182838,
            "last_edit_date": 1437182838,
            "creation_date": 1436984094,
            "answer_id": 31438054,
            "question_id": 31435101
          },
      {
            "owner": {
                    "reputation": 580,
                    "user_id": 2754695,
                    "user_type": "registered",
                    "accept_rate": 80,
                    "profile_image": "https://www.gravatar.com/avatar/6ae5401c573a88e36c4f3fd6f637db85?s=128&d=identicon&r=PG",
                    "display_name": "Constantin",
                    "link": "http://stackoverflow.com/users/2754695/constantin"
                  },
            "is_accepted": true,
            "score": 1,
            "last_activity_date": 1437182633,
            "last_edit_date": 1437182633,
            "creation_date": 1436994309,
            "answer_id": 31441080,
            "question_id": 31440723
          },
      {
            "owner": {
                    "reputation": 1,
                    "user_id": 5115126,
                    "user_type": "registered",
                    "profile_image": "http://i.stack.imgur.com/UYthB.jpg?s=128&g=1",
                    "display_name": "venugopal.nakkala",
                    "link": "http://stackoverflow.com/users/5115126/venugopal-nakkala"
                  },
            "is_accepted": false,
            "score": 0,
            "last_activity_date": 1437182443,
            "last_edit_date": 1437182443,
            "creation_date": 1436967236,
            "answer_id": 31431904,
            "question_id": 31406535
          },
      {
            "owner": {
                    "reputation": 1,
                    "user_id": 5117743,
                    "user_type": "registered",
                    "profile_image": "http://i.stack.imgur.com/rH8UD.jpg?s=128&g=1",
                    "display_name": "johnson",
                    "link": "http://stackoverflow.com/users/5117743/johnson"
                  },
            "is_accepted": false,
            "score": 0,
            "last_activity_date": 1437179077,
            "last_edit_date": 1437179077,
            "creation_date": 1436932570,
            "answer_id": 31421218,
            "question_id": 26075916
          },
      {
            "owner": {
                    "reputation": 1,
                    "user_id": 4458354,
                    "user_type": "registered",
                    "profile_image": "http://graph.facebook.com/100003857071120/picture?type=large",
                    "display_name": "Rahul Chaudhary",
                    "link": "http://stackoverflow.com/users/4458354/rahul-chaudhary"
                  },
            "is_accepted": false,
            "score": 0,
            "last_activity_date": 1437178757,
            "last_edit_date": 1437178757,
            "creation_date": 1436949052,
            "answer_id": 31425283,
            "question_id": 31425147
          },
      {
            "owner": {
                    "reputation": 1,
                    "user_id": 4458354,
                    "user_type": "registered",
                    "profile_image": "http://graph.facebook.com/100003857071120/picture?type=large",
                    "display_name": "Rahul Chaudhary",
                    "link": "http://stackoverflow.com/users/4458354/rahul-chaudhary"
                  },
            "is_accepted": false,
            "score": 0,
            "last_activity_date": 1437178715,
            "last_edit_date": 1437178715,
            "creation_date": 1436956821,
            "answer_id": 31428156,
            "question_id": 5741987
          },
      {
            "owner": {
                    "reputation": 241,
                    "user_id": 4977165,
                    "user_type": "registered",
                    "profile_image": "https://www.gravatar.com/avatar/7bd32c3e1b17621d6bdde8d01a6fc3dc?s=128&d=identicon&r=PG&f=1",
                    "display_name": "Falk Thiele",
                    "link": "http://stackoverflow.com/users/4977165/falk-thiele"
                  },
            "is_accepted": false,
            "score": 2,
            "last_activity_date": 1437176228,
            "last_edit_date": 1437176228,
            "creation_date": 1435744512,
            "answer_id": 31158121,
            "question_id": 31155211
          },
      {
            "owner": {
                    "reputation": 2278,
                    "user_id": 1110291,
                    "user_type": "registered",
                    "profile_image": "https://www.gravatar.com/avatar/e45efe2a63f712bb6f639dd193faf808?s=128&d=identicon&r=PG",
                    "display_name": "rickz",
                    "link": "http://stackoverflow.com/users/1110291/rickz"
                  },
            "is_accepted": false,
            "score": 1,
            "last_activity_date": 1437175008,
            "last_edit_date": 1437175008,
            "creation_date": 1436034778,
            "answer_id": 31223968,
            "question_id": 31223395
          },
      {
            "owner": {
                    "reputation": 7013,
                    "user_id": 241986,
                    "user_type": "registered",
                    "accept_rate": 89,
                    "profile_image": "http://i.stack.imgur.com/lFsRO.gif?s=128&g=1",
                    "display_name": "Boris Treukhov",
                    "link": "http://stackoverflow.com/users/241986/boris-treukhov"
                  },
            "is_accepted": false,
            "score": -1,
            "last_activity_date": 1437173239,
            "last_edit_date": 1437173239,
            "creation_date": 1436992131,
            "answer_id": 31440410,
            "question_id": 31439644
          },
      {
            "owner": {
                    "reputation": 2389,
                    "user_id": 310852,
                    "user_type": "registered",
                    "accept_rate": 53,
                    "profile_image": "https://www.gravatar.com/avatar/8d3c076e54bf051eb8771ed8f04a29c6?s=128&d=identicon&r=PG",
                    "display_name": "Stefan Rasmusson",
                    "link": "http://stackoverflow.com/users/310852/stefan-rasmusson"
                  },
            "is_accepted": false,
            "score": 1,
            "last_activity_date": 1437170787,
            "last_edit_date": 1437170787,
            "creation_date": 1437001664,
            "answer_id": 31442747,
            "question_id": 31403071
          },
      {
            "owner": {
                    "reputation": 31,
                    "user_id": 4850610,
                    "user_type": "registered",
                    "profile_image": "https://www.gravatar.com/avatar/3475e1d44848b8b271991d6b9b2c764b?s=128&d=identicon&r=PG&f=1",
                    "display_name": "Alexander Lutsenko",
                    "link": "http://stackoverflow.com/users/4850610/alexander-lutsenko"
                  },
            "is_accepted": false,
            "score": 1,
            "last_activity_date": 1437169973,
            "last_edit_date": 1437169973,
            "creation_date": 1436720408,
            "answer_id": 31370295,
            "question_id": 31362914
          },
      {
            "owner": {
                    "reputation": 85,
                    "user_id": 4424087,
                    "user_type": "registered",
                    "profile_image": "http://i.stack.imgur.com/4tFbr.jpg?s=128&g=1",
                    "display_name": "dzomba",
                    "link": "http://stackoverflow.com/users/4424087/dzomba"
                  },
            "is_accepted": false,
            "score": 0,
            "last_activity_date": 1437169518,
            "last_edit_date": 1437169518,
            "creation_date": 1436966100,
            "answer_id": 31431454,
            "question_id": 31196256
          },
      {
            "owner": {
                    "reputation": 1046,
                    "user_id": 249623,
                    "user_type": "registered",
                    "profile_image": "http://i.stack.imgur.com/AJV6P.png?s=128&g=1",
                    "display_name": "Ryan",
                    "link": "http://stackoverflow.com/users/249623/ryan"
                  },
            "is_accepted": false,
            "score": 1,
            "last_activity_date": 1437168908,
            "last_edit_date": 1437168908,
            "creation_date": 1436489244,
            "answer_id": 31330696,
            "question_id": 19644682
          },
      {
            "owner": {
                    "reputation": 118,
                    "user_id": 1020234,
                    "user_type": "registered",
                    "accept_rate": 90,
                    "profile_image": "https://www.gravatar.com/avatar/8809d69db6811839029a3c0e7e511137?s=128&d=identicon&r=PG",
                    "display_name": "TravisThomas",
                    "link": "http://stackoverflow.com/users/1020234/travisthomas"
                  },
            "is_accepted": false,
            "score": 1,
            "last_activity_date": 1437167514,
            "last_edit_date": 1437167514,
            "creation_date": 1436486867,
            "answer_id": 31330399,
            "question_id": 28406226
          },
      {
            "owner": {
                    "reputation": 175,
                    "user_id": 4033489,
                    "user_type": "registered",
                    "profile_image": "https://www.gravatar.com/avatar/469d65bde93db8c17df92987d3771dda?s=128&d=identicon&r=PG&f=1",
                    "display_name": "user403348255",
                    "link": "http://stackoverflow.com/users/4033489/user403348255"
                  },
            "is_accepted": false,
            "score": 1,
            "last_activity_date": 1437166878,
            "last_edit_date": 1437166878,
            "creation_date": 1436817318,
            "answer_id": 31392264,
            "question_id": 31391971
          },
      {
            "owner": {
                    "reputation": 65890,
                    "user_id": 1009479,
                    "user_type": "registered",
                    "accept_rate": 73,
                    "profile_image": "http://i.stack.imgur.com/rMBOb.jpg?s=128&g=1",
                    "display_name": "Yu Hao",
                    "link": "http://stackoverflow.com/users/1009479/yu-hao"
                  },
            "is_accepted": true,
            "score": 452,
            "last_activity_date": 1437165603,
            "last_edit_date": 1437165603,
            "creation_date": 1436933848,
            "answer_id": 31421411,
            "question_id": 31421379
          },
      {
            "owner": {
                    "reputation": 1,
                    "user_id": 4829533,
                    "user_type": "registered",
                    "profile_image": "https://www.gravatar.com/avatar/b5e4e1ba5dc62280cb1d88e5239b3bed?s=128&d=identicon&r=PG&f=1",
                    "display_name": "douglasblitz210",
                    "link": "http://stackoverflow.com/users/4829533/douglasblitz210"
                  },
            "is_accepted": true,
            "score": 0,
            "last_activity_date": 1437165523,
            "last_edit_date": 1437165523,
            "creation_date": 1435952970,
            "answer_id": 31213407,
            "question_id": 31198886
          },
      {
            "owner": {
                    "reputation": 69,
                    "user_id": 3323831,
                    "user_type": "registered",
                    "accept_rate": 0,
                    "profile_image": "http://graph.facebook.com/871520017/picture?type=large",
                    "display_name": "Xvegas",
                    "link": "http://stackoverflow.com/users/3323831/xvegas"
                  },
            "is_accepted": false,
            "score": 0,
            "last_activity_date": 1437164866,
            "last_edit_date": 1437164866,
            "creation_date": 1436983115,
            "answer_id": 31437729,
            "question_id": 28678950
          },
      {
            "owner": {
                    "reputation": 101,
                    "user_id": 4855404,
                    "user_type": "registered",
                    "profile_image": "https://lh6.googleusercontent.com/-BG2Vko1PsYM/AAAAAAAAAAI/AAAAAAAAALY/Kr98s0JSnfE/photo.jpg?sz=128",
                    "display_name": "Eric Hartmann",
                    "link": "http://stackoverflow.com/users/4855404/eric-hartmann"
                  },
            "is_accepted": false,
            "score": 0,
            "last_activity_date": 1437164757,
            "last_edit_date": 1437164757,
            "creation_date": 1436999081,
            "answer_id": 31442269,
            "question_id": 31440200
          },
      {
            "owner": {
                    "reputation": 14196,
                    "user_id": 1457051,
                    "user_type": "registered",
                    "profile_image": "https://www.gravatar.com/avatar/a08d08f6b541441fccf36bc6392a0784?s=128&d=identicon&r=PG",
                    "display_name": "hrbrmstr",
                    "link": "http://stackoverflow.com/users/1457051/hrbrmstr"
                  },
            "is_accepted": true,
            "score": 0,
            "last_activity_date": 1437164546,
            "last_edit_date": 1437164546,
            "creation_date": 1435858173,
            "answer_id": 31190998,
            "question_id": 31190659
          },
      {
            "owner": {
                    "reputation": 14196,
                    "user_id": 1457051,
                    "user_type": "registered",
                    "profile_image": "https://www.gravatar.com/avatar/a08d08f6b541441fccf36bc6392a0784?s=128&d=identicon&r=PG",
                    "display_name": "hrbrmstr",
                    "link": "http://stackoverflow.com/users/1457051/hrbrmstr"
                  },
            "is_accepted": true,
            "score": 2,
            "last_activity_date": 1437164507,
            "last_edit_date": 1437164507,
            "creation_date": 1436237494,
            "answer_id": 31258948,
            "question_id": 31258617
          },
      {
            "owner": {
                    "reputation": 16,
                    "user_id": 4096539,
                    "user_type": "registered",
                    "accept_rate": 100,
                    "profile_image": "http://i.stack.imgur.com/GONxl.png?s=128&g=1",
                    "display_name": "Ewer Ling",
                    "link": "http://stackoverflow.com/users/4096539/ewer-ling"
                  },
            "is_accepted": false,
            "score": 0,
            "last_activity_date": 1437164436,
            "last_edit_date": 1437164436,
            "creation_date": 1436712255,
            "answer_id": 31369007,
            "question_id": 15492197
          },
      {
            "owner": {
                    "reputation": 1,
                    "user_id": 5104659,
                    "user_type": "registered",
                    "profile_image": "https://lh5.googleusercontent.com/-24RopHiERw4/AAAAAAAAAAI/AAAAAAAAABM/X4IeMOr1Wqs/photo.jpg?sz=128",
                    "display_name": "Jorge Ortega",
                    "link": "http://stackoverflow.com/users/5104659/jorge-ortega"
                  },
            "is_accepted": false,
            "score": -1,
            "last_activity_date": 1437164417,
            "last_edit_date": 1437164417,
            "creation_date": 1436569130,
            "answer_id": 31351547,
            "question_id": 19422791
          },
      {
            "owner": {
                    "reputation": 6229,
                    "user_id": 1885392,
                    "user_type": "registered",
                    "profile_image": "https://www.gravatar.com/avatar/9fa9976e536ff5ce475f728ce97f8227?s=128&d=identicon&r=PG",
                    "display_name": "stefan.schwetschke",
                    "link": "http://stackoverflow.com/users/1885392/stefan-schwetschke"
                  },
            "is_accepted": false,
            "score": 6,
            "last_activity_date": 1437164053,
            "last_edit_date": 1437164053,
            "creation_date": 1436974122,
            "answer_id": 31434702,
            "question_id": 31431218
          },
      {
            "owner": {
                    "reputation": 76,
                    "user_id": 2230058,
                    "user_type": "registered",
                    "profile_image": "https://www.gravatar.com/avatar/a04ac751c63da181a0a88f7944e1f712?s=128&d=identicon&r=PG&f=1",
                    "display_name": "chrisg",
                    "link": "http://stackoverflow.com/users/2230058/chrisg"
                  },
            "is_accepted": false,
            "score": 1,
            "last_activity_date": 1437163303,
            "last_edit_date": 1437163303,
            "creation_date": 1436967839,
            "answer_id": 31432178,
            "question_id": 31414862
          },
      {
            "owner": {
                    "reputation": 638,
                    "user_id": 3960399,
                    "user_type": "registered",
                    "profile_image": "http://i.stack.imgur.com/c5OVT.jpg?s=128&g=1",
                    "display_name": "John Carpenter",
                    "link": "http://stackoverflow.com/users/3960399/john-carpenter"
                  },
            "is_accepted": false,
            "score": 1,
            "last_activity_date": 1437162276,
            "last_edit_date": 1437162276,
            "creation_date": 1436980973,
            "answer_id": 31437030,
            "question_id": 31436947
          }
    ],
  "has_more": true,
  "quota_max": 10000,
  "quota_remaining": 9998
}{
  "items": [
      {
            "owner": {
                    "reputation": 51176,
                    "user_id": 1695960,
                    "user_type": "registered",
                    "profile_image": "https://www.gravatar.com/avatar/7f9f557c03db19232aa410540af2f966?s=128&d=identicon&r=PG",
                    "display_name": "Robert Crovella",
                    "link": "http://stackoverflow.com/users/1695960/robert-crovella"
                  },
            "is_accepted": false,
            "score": 2,
            "last_activity_date": 1437185169,
            "last_edit_date": 1437185169,
            "creation_date": 1436807454,
            "answer_id": 31389434,
            "question_id": 31387858
          },
      {
            "owner": {
                    "reputation": 106,
                    "user_id": 3065652,
                    "user_type": "registered",
                    "accept_rate": 50,
                    "profile_image": "https://www.gravatar.com/avatar/0b1e326bd6eb4decfad5266675ec3022?s=128&d=identicon&r=PG&f=1",
                    "display_name": "rickydj",
                    "link": "http://stackoverflow.com/users/3065652/rickydj"
                  },
            "is_accepted": false,
            "score": 2,
            "last_activity_date": 1437185048,
            "last_edit_date": 1437185048,
            "creation_date": 1436754818,
            "answer_id": 31374686,
            "question_id": 31372993
          },
      {
            "owner": {
                    "reputation": 156,
                    "user_id": 3946177,
                    "user_type": "registered",
                    "profile_image": "https://www.gravatar.com/avatar/80c3f96bb66a34e26dfaad9417de1942?s=128&d=identicon&r=PG&f=1",
                    "display_name": "Stiliyan",
                    "link": "http://stackoverflow.com/users/3946177/stiliyan"
                  },
            "is_accepted": false,
            "score": 1,
            "last_activity_date": 1437184674,
            "last_edit_date": 1437184674,
            "creation_date": 1436933129,
            "answer_id": 31421304,
            "question_id": 31419124
          },
      {
            "owner": {
                    "reputation": 555,
                    "user_id": 1741244,
                    "user_type": "registered",
                    "profile_image": "http://i.stack.imgur.com/JDclQ.jpg?s=128&g=1",
                    "display_name": "dnapierata",
                    "link": "http://stackoverflow.com/users/1741244/dnapierata"
                  },
            "is_accepted": true,
            "score": 4,
            "last_activity_date": 1437182880,
            "last_edit_date": 1437182880,
            "creation_date": 1436416269,
            "answer_id": 31308172,
            "question_id": 31308138
          },
      {
            "owner": {
                    "reputation": 1436,
                    "user_id": 736910,
                    "user_type": "registered",
                    "accept_rate": 86,
                    "profile_image": "https://www.gravatar.com/avatar/6ab2fc0ca68903f2696a4c96f1c94dd0?s=128&d=identicon&r=PG",
                    "display_name": "jnbdz",
                    "link": "http://stackoverflow.com/users/736910/jnbdz"
                  },
            "is_accepted": false,
            "score": 0,
            "last_activity_date": 1437182838,
            "last_edit_date": 1437182838,
            "creation_date": 1436984094,
            "answer_id": 31438054,
            "question_id": 31435101
          },
      {
            "owner": {
                    "reputation": 580,
                    "user_id": 2754695,
                    "user_type": "registered",
                    "accept_rate": 80,
                    "profile_image": "https://www.gravatar.com/avatar/6ae5401c573a88e36c4f3fd6f637db85?s=128&d=identicon&r=PG",
                    "display_name": "Constantin",
                    "link": "http://stackoverflow.com/users/2754695/constantin"
                  },
            "is_accepted": true,
            "score": 1,
            "last_activity_date": 1437182633,
            "last_edit_date": 1437182633,
            "creation_date": 1436994309,
            "answer_id": 31441080,
            "question_id": 31440723
          },
      {
            "owner": {
                    "reputation": 1,
                    "user_id": 5115126,
                    "user_type": "registered",
                    "profile_image": "http://i.stack.imgur.com/UYthB.jpg?s=128&g=1",
                    "display_name": "venugopal.nakkala",
                    "link": "http://stackoverflow.com/users/5115126/venugopal-nakkala"
                  },
            "is_accepted": false,
            "score": 0,
            "last_activity_date": 1437182443,
            "last_edit_date": 1437182443,
            "creation_date": 1436967236,
            "answer_id": 31431904,
            "question_id": 31406535
          },
      {
            "owner": {
                    "reputation": 1,
                    "user_id": 5117743,
                    "user_type": "registered",
                    "profile_image": "http://i.stack.imgur.com/rH8UD.jpg?s=128&g=1",
                    "display_name": "johnson",
                    "link": "http://stackoverflow.com/users/5117743/johnson"
                  },
            "is_accepted": false,
            "score": 0,
            "last_activity_date": 1437179077,
            "last_edit_date": 1437179077,
            "creation_date": 1436932570,
            "answer_id": 31421218,
            "question_id": 26075916
          },
      {
            "owner": {
                    "reputation": 1,
                    "user_id": 4458354,
                    "user_type": "registered",
                    "profile_image": "http://graph.facebook.com/100003857071120/picture?type=large",
                    "display_name": "Rahul Chaudhary",
                    "link": "http://stackoverflow.com/users/4458354/rahul-chaudhary"
                  },
            "is_accepted": false,
            "score": 0,
            "last_activity_date": 1437178757,
            "last_edit_date": 1437178757,
            "creation_date": 1436949052,
            "answer_id": 31425283,
            "question_id": 31425147
          },
      {
            "owner": {
                    "reputation": 1,
                    "user_id": 4458354,
                    "user_type": "registered",
                    "profile_image": "http://graph.facebook.com/100003857071120/picture?type=large",
                    "display_name": "Rahul Chaudhary",
                    "link": "http://stackoverflow.com/users/4458354/rahul-chaudhary"
                  },
            "is_accepted": false,
            "score": 0,
            "last_activity_date": 1437178715,
            "last_edit_date": 1437178715,
            "creation_date": 1436956821,
            "answer_id": 31428156,
            "question_id": 5741987
          },
      {
            "owner": {
                    "reputation": 241,
                    "user_id": 4977165,
                    "user_type": "registered",
                    "profile_image": "https://www.gravatar.com/avatar/7bd32c3e1b17621d6bdde8d01a6fc3dc?s=128&d=identicon&r=PG&f=1",
                    "display_name": "Falk Thiele",
                    "link": "http://stackoverflow.com/users/4977165/falk-thiele"
                  },
            "is_accepted": false,
            "score": 2,
            "last_activity_date": 1437176228,
            "last_edit_date": 1437176228,
            "creation_date": 1435744512,
            "answer_id": 31158121,
            "question_id": 31155211
          },
      {
            "owner": {
                    "reputation": 2278,
                    "user_id": 1110291,
                    "user_type": "registered",
                    "profile_image": "https://www.gravatar.com/avatar/e45efe2a63f712bb6f639dd193faf808?s=128&d=identicon&r=PG",
                    "display_name": "rickz",
                    "link": "http://stackoverflow.com/users/1110291/rickz"
                  },
            "is_accepted": false,
            "score": 1,
            "last_activity_date": 1437175008,
            "last_edit_date": 1437175008,
            "creation_date": 1436034778,
            "answer_id": 31223968,
            "question_id": 31223395
          },
      {
            "owner": {
                    "reputation": 7013,
                    "user_id": 241986,
                    "user_type": "registered",
                    "accept_rate": 89,
                    "profile_image": "http://i.stack.imgur.com/lFsRO.gif?s=128&g=1",
                    "display_name": "Boris Treukhov",
                    "link": "http://stackoverflow.com/users/241986/boris-treukhov"
                  },
            "is_accepted": false,
            "score": -1,
            "last_activity_date": 1437173239,
            "last_edit_date": 1437173239,
            "creation_date": 1436992131,
            "answer_id": 31440410,
            "question_id": 31439644
          },
      {
            "owner": {
                    "reputation": 2389,
                    "user_id": 310852,
                    "user_type": "registered",
                    "accept_rate": 53,
                    "profile_image": "https://www.gravatar.com/avatar/8d3c076e54bf051eb8771ed8f04a29c6?s=128&d=identicon&r=PG",
                    "display_name": "Stefan Rasmusson",
                    "link": "http://stackoverflow.com/users/310852/stefan-rasmusson"
                  },
            "is_accepted": false,
            "score": 1,
            "last_activity_date": 1437170787,
            "last_edit_date": 1437170787,
            "creation_date": 1437001664,
            "answer_id": 31442747,
            "question_id": 31403071
          },
      {
            "owner": {
                    "reputation": 31,
                    "user_id": 4850610,
                    "user_type": "registered",
                    "profile_image": "https://www.gravatar.com/avatar/3475e1d44848b8b271991d6b9b2c764b?s=128&d=identicon&r=PG&f=1",
                    "display_name": "Alexander Lutsenko",
                    "link": "http://stackoverflow.com/users/4850610/alexander-lutsenko"
                  },
            "is_accepted": false,
            "score": 1,
            "last_activity_date": 1437169973,
            "last_edit_date": 1437169973,
            "creation_date": 1436720408,
            "answer_id": 31370295,
            "question_id": 31362914
          },
      {
            "owner": {
                    "reputation": 85,
                    "user_id": 4424087,
                    "user_type": "registered",
                    "profile_image": "http://i.stack.imgur.com/4tFbr.jpg?s=128&g=1",
                    "display_name": "dzomba",
                    "link": "http://stackoverflow.com/users/4424087/dzomba"
                  },
            "is_accepted": false,
            "score": 0,
            "last_activity_date": 1437169518,
            "last_edit_date": 1437169518,
            "creation_date": 1436966100,
            "answer_id": 31431454,
            "question_id": 31196256
          },
      {
            "owner": {
                    "reputation": 1046,
                    "user_id": 249623,
                    "user_type": "registered",
                    "profile_image": "http://i.stack.imgur.com/AJV6P.png?s=128&g=1",
                    "display_name": "Ryan",
                    "link": "http://stackoverflow.com/users/249623/ryan"
                  },
            "is_accepted": false,
            "score": 1,
            "last_activity_date": 1437168908,
            "last_edit_date": 1437168908,
            "creation_date": 1436489244,
            "answer_id": 31330696,
            "question_id": 19644682
          },
      {
            "owner": {
                    "reputation": 118,
                    "user_id": 1020234,
                    "user_type": "registered",
                    "accept_rate": 90,
                    "profile_image": "https://www.gravatar.com/avatar/8809d69db6811839029a3c0e7e511137?s=128&d=identicon&r=PG",
                    "display_name": "TravisThomas",
                    "link": "http://stackoverflow.com/users/1020234/travisthomas"
                  },
            "is_accepted": false,
            "score": 1,
            "last_activity_date": 1437167514,
            "last_edit_date": 1437167514,
            "creation_date": 1436486867,
            "answer_id": 31330399,
            "question_id": 28406226
          },
      {
            "owner": {
                    "reputation": 175,
                    "user_id": 4033489,
                    "user_type": "registered",
                    "profile_image": "https://www.gravatar.com/avatar/469d65bde93db8c17df92987d3771dda?s=128&d=identicon&r=PG&f=1",
                    "display_name": "user403348255",
                    "link": "http://stackoverflow.com/users/4033489/user403348255"
                  },
            "is_accepted": false,
            "score": 1,
            "last_activity_date": 1437166878,
            "last_edit_date": 1437166878,
            "creation_date": 1436817318,
            "answer_id": 31392264,
            "question_id": 31391971
          },
      {
            "owner": {
                    "reputation": 65890,
                    "user_id": 1009479,
                    "user_type": "registered",
                    "accept_rate": 73,
                    "profile_image": "http://i.stack.imgur.com/rMBOb.jpg?s=128&g=1",
                    "display_name": "Yu Hao",
                    "link": "http://stackoverflow.com/users/1009479/yu-hao"
                  },
            "is_accepted": true,
            "score": 452,
            "last_activity_date": 1437165603,
            "last_edit_date": 1437165603,
            "creation_date": 1436933848,
            "answer_id": 31421411,
            "question_id": 31421379
          },
      {
            "owner": {
                    "reputation": 1,
                    "user_id": 4829533,
                    "user_type": "registered",
                    "profile_image": "https://www.gravatar.com/avatar/b5e4e1ba5dc62280cb1d88e5239b3bed?s=128&d=identicon&r=PG&f=1",
                    "display_name": "douglasblitz210",
                    "link": "http://stackoverflow.com/users/4829533/douglasblitz210"
                  },
            "is_accepted": true,
            "score": 0,
            "last_activity_date": 1437165523,
            "last_edit_date": 1437165523,
            "creation_date": 1435952970,
            "answer_id": 31213407,
            "question_id": 31198886
          },
      {
            "owner": {
                    "reputation": 69,
                    "user_id": 3323831,
                    "user_type": "registered",
                    "accept_rate": 0,
                    "profile_image": "http://graph.facebook.com/871520017/picture?type=large",
                    "display_name": "Xvegas",
                    "link": "http://stackoverflow.com/users/3323831/xvegas"
                  },
            "is_accepted": false,
            "score": 0,
            "last_activity_date": 1437164866,
            "last_edit_date": 1437164866,
            "creation_date": 1436983115,
            "answer_id": 31437729,
            "question_id": 28678950
          },
      {
            "owner": {
                    "reputation": 101,
                    "user_id": 4855404,
                    "user_type": "registered",
                    "profile_image": "https://lh6.googleusercontent.com/-BG2Vko1PsYM/AAAAAAAAAAI/AAAAAAAAALY/Kr98s0JSnfE/photo.jpg?sz=128",
                    "display_name": "Eric Hartmann",
                    "link": "http://stackoverflow.com/users/4855404/eric-hartmann"
                  },
            "is_accepted": false,
            "score": 0,
            "last_activity_date": 1437164757,
            "last_edit_date": 1437164757,
            "creation_date": 1436999081,
            "answer_id": 31442269,
            "question_id": 31440200
          },
      {
            "owner": {
                    "reputation": 14196,
                    "user_id": 1457051,
                    "user_type": "registered",
                    "profile_image": "https://www.gravatar.com/avatar/a08d08f6b541441fccf36bc6392a0784?s=128&d=identicon&r=PG",
                    "display_name": "hrbrmstr",
                    "link": "http://stackoverflow.com/users/1457051/hrbrmstr"
                  },
            "is_accepted": true,
            "score": 0,
            "last_activity_date": 1437164546,
            "last_edit_date": 1437164546,
            "creation_date": 1435858173,
            "answer_id": 31190998,
            "question_id": 31190659
          },
      {
            "owner": {
                    "reputation": 14196,
                    "user_id": 1457051,
                    "user_type": "registered",
                    "profile_image": "https://www.gravatar.com/avatar/a08d08f6b541441fccf36bc6392a0784?s=128&d=identicon&r=PG",
                    "display_name": "hrbrmstr",
                    "link": "http://stackoverflow.com/users/1457051/hrbrmstr"
                  },
            "is_accepted": true,
            "score": 2,
            "last_activity_date": 1437164507,
            "last_edit_date": 1437164507,
            "creation_date": 1436237494,
            "answer_id": 31258948,
            "question_id": 31258617
          },
      {
            "owner": {
                    "reputation": 16,
                    "user_id": 4096539,
                    "user_type": "registered",
                    "accept_rate": 100,
                    "profile_image": "http://i.stack.imgur.com/GONxl.png?s=128&g=1",
                    "display_name": "Ewer Ling",
                    "link": "http://stackoverflow.com/users/4096539/ewer-ling"
                  },
            "is_accepted": false,
            "score": 0,
            "last_activity_date": 1437164436,
            "last_edit_date": 1437164436,
            "creation_date": 1436712255,
            "answer_id": 31369007,
            "question_id": 15492197
          },
      {
            "owner": {
                    "reputation": 1,
                    "user_id": 5104659,
                    "user_type": "registered",
                    "profile_image": "https://lh5.googleusercontent.com/-24RopHiERw4/AAAAAAAAAAI/AAAAAAAAABM/X4IeMOr1Wqs/photo.jpg?sz=128",
                    "display_name": "Jorge Ortega",
                    "link": "http://stackoverflow.com/users/5104659/jorge-ortega"
                  },
            "is_accepted": false,
            "score": -1,
            "last_activity_date": 1437164417,
            "last_edit_date": 1437164417,
            "creation_date": 1436569130,
            "answer_id": 31351547,
            "question_id": 19422791
          },
      {
            "owner": {
                    "reputation": 6229,
                    "user_id": 1885392,
                    "user_type": "registered",
                    "profile_image": "https://www.gravatar.com/avatar/9fa9976e536ff5ce475f728ce97f8227?s=128&d=identicon&r=PG",
                    "display_name": "stefan.schwetschke",
                    "link": "http://stackoverflow.com/users/1885392/stefan-schwetschke"
                  },
            "is_accepted": false,
            "score": 6,
            "last_activity_date": 1437164053,
            "last_edit_date": 1437164053,
            "creation_date": 1436974122,
            "answer_id": 31434702,
            "question_id": 31431218
          },
      {
            "owner": {
                    "reputation": 76,
                    "user_id": 2230058,
                    "user_type": "registered",
}}]}
